

INSERT INTO "public"."sec_user" (id,create_ts,created_by,version,update_ts,updated_by,delete_ts,deleted_by,login,login_lc,password,name,first_name,last_name,middle_name,position_,email,language_,active,group_id,default_substituted_user_id,ip_mask) VALUES ('0a0fcc69-91a5-4dd1-8482-0187bc5fa659',{ts '2011-08-25 10:35:15.450'},'admin',2,{ts '2011-08-25 12:46:19.920'},'admin',null,null,'sheldon','sheldon','c4ca4238a0b923820dcc509a6f75849b','Шелдон Купер','Шелдон','Купер','','','','ru',true,'0fa2b1a5-1d68-4d69-9fbd-dff348347f93',null,null);
INSERT INTO "public"."sec_user" (id,create_ts,created_by,version,update_ts,updated_by,delete_ts,deleted_by,login,login_lc,password,name,first_name,last_name,middle_name,position_,email,language_,active,group_id,default_substituted_user_id,ip_mask) VALUES ('60885987-1b61-4247-94c7-dff348347f93',{ts '2011-08-25 10:31:42.363'},'admin',0,null,null,null,null,'admin','admin','21232f297a57a5a743894a0e4a801fc3','Administrator',null,null,null,null,null,null,true,'0fa2b1a5-1d68-4d69-9fbd-dff348347f93',null,null);
INSERT INTO "public"."sec_user" (id,create_ts,created_by,version,update_ts,updated_by,delete_ts,deleted_by,login,login_lc,password,name,first_name,last_name,middle_name,position_,email,language_,active,group_id,default_substituted_user_id,ip_mask) VALUES ('83075c20-fe23-11df-abc9-3f87313a5ebe',{ts '2011-08-25 10:31:42.366'},null,0,null,null,null,null,'SchedulerUser','scheduleruser','7e0ffe513f4e8c8f1376da12fe9c5561','SchedulerUser',null,null,null,null,null,null,true,'0fa2b1a5-1d68-4d69-9fbd-dff348347f93',null,null);
INSERT INTO "public"."sec_user" (id,create_ts,created_by,version,update_ts,updated_by,delete_ts,deleted_by,login,login_lc,password,name,first_name,last_name,middle_name,position_,email,language_,active,group_id,default_substituted_user_id,ip_mask) VALUES ('87614d59-a139-4f88-a809-e4fe8355df36',{ts '2011-08-25 12:50:56.170'},'admin',1,{ts '2011-08-25 12:50:56.170'},null,null,null,'radj','radj','c4ca4238a0b923820dcc509a6f75849b','Раджеш  Кутраппали','Раджеш ','Кутраппали ','','','','ru',true,'8e6306e2-9e10-414a-b437-24c91ffef804',null,null);
INSERT INTO "public"."sec_user" (id,create_ts,created_by,version,update_ts,updated_by,delete_ts,deleted_by,login,login_lc,password,name,first_name,last_name,middle_name,position_,email,language_,active,group_id,default_substituted_user_id,ip_mask) VALUES ('b171f29f-571d-4f73-b2d0-50e23de7fa5d',{ts '2011-08-25 12:51:40.100'},'admin',1,{ts '2011-08-25 12:51:40.100'},null,null,null,'howard','howard','c4ca4238a0b923820dcc509a6f75849b','Говард Воловиц','Говард','Воловиц','','','','ru',true,'8e6306e2-9e10-414a-b437-24c91ffef804',null,null);
INSERT INTO "public"."sec_user" (id,create_ts,created_by,version,update_ts,updated_by,delete_ts,deleted_by,login,login_lc,password,name,first_name,last_name,middle_name,position_,email,language_,active,group_id,default_substituted_user_id,ip_mask) VALUES ('c31a3369-a454-4880-a662-6db537864fe6',{ts '2011-08-25 12:48:30.0'},'admin',1,{ts '2011-08-25 12:48:30.0'},null,null,null,'leonard','leonard','c4ca4238a0b923820dcc509a6f75849b','Леонард Хофстедер','Леонард','Хофстедер','','','','ru',true,'0fa2b1a5-1d68-4d69-9fbd-dff348347f93',null,null);
INSERT INTO "public"."sec_user" (id,create_ts,created_by,version,update_ts,updated_by,delete_ts,deleted_by,login,login_lc,password,name,first_name,last_name,middle_name,position_,email,language_,active,group_id,default_substituted_user_id,ip_mask) VALUES ('e0fa0adb-45ec-4a30-a307-71e123e22d39',{ts '2011-08-25 12:50:03.820'},'admin',1,{ts '2011-08-25 12:50:03.820'},null,null,null,'penny','penny','c4ca4238a0b923820dcc509a6f75849b','Пенни','Пенни','Пенни','','','','ru',true,'7dfe5c72-073f-4e1e-9cf4-1b1bad9c0093',null,null);


INSERT INTO "public"."sec_role" (id,create_ts,created_by,version,update_ts,updated_by,delete_ts,deleted_by,name,loc_name,description,is_default_role,is_super) VALUES ('0038f3db-ac9c-4323-83e7-356996cc63ae',{ts '2010-02-12 14:19:19.810'},'admin',2,{ts '2010-03-09 09:56:21.940'},'admin',null,null,'ReferenceEditor','Редактирование справочников',null,null,null);
INSERT INTO "public"."sec_role" (id,create_ts,created_by,version,update_ts,updated_by,delete_ts,deleted_by,name,loc_name,description,is_default_role,is_super) VALUES ('0c018061-b26f-4de2-a5be-dff348347f93',{ts '2011-08-25 10:31:42.367'},null,0,null,null,null,null,'Administrators',null,null,null,true);
INSERT INTO "public"."sec_role" (id,create_ts,created_by,version,update_ts,updated_by,delete_ts,deleted_by,name,loc_name,description,is_default_role,is_super) VALUES ('3c9abffb-2fae-484e-990c-343b3c1197ca',{ts '2010-04-15 13:01:51.520'},'admin',2,{ts '2010-05-05 16:11:31.440'},'admin',null,null,'doc_initiator','Инициатор документов',null,null,null);
INSERT INTO "public"."sec_role" (id,create_ts,created_by,version,update_ts,updated_by,delete_ts,deleted_by,name,loc_name,description,is_default_role,is_super) VALUES ('47135f12-071b-43d8-bc21-2ff77cd08fb6',{ts '2010-04-15 13:02:03.350'},'admin',1,{ts '2010-04-15 13:02:03.350'},null,null,null,'doc_endorsement','Согласующий',null,null,null);
INSERT INTO "public"."sec_role" (id,create_ts,created_by,version,update_ts,updated_by,delete_ts,deleted_by,name,loc_name,description,is_default_role,is_super) VALUES ('5115e833-4146-4c98-a119-1c06053adb92',{ts '2011-08-25 10:32:02.824'},'admin',1,{ts '2011-08-25 10:32:02.824'},null,null,null,'schedule_task_creator','Создание периодических задач',null,null,null);
INSERT INTO "public"."sec_role" (id,create_ts,created_by,version,update_ts,updated_by,delete_ts,deleted_by,name,loc_name,description,is_default_role,is_super) VALUES ('64fec164-5408-4e48-9e72-5a1d214c533e',{ts '2010-01-26 10:17:40.740'},'admin',2,{ts '2010-03-09 09:55:59.500'},'admin',null,null,'task_observer','Наблюдатель',null,null,null);
INSERT INTO "public"."sec_role" (id,create_ts,created_by,version,update_ts,updated_by,delete_ts,deleted_by,name,loc_name,description,is_default_role,is_super) VALUES ('7091f5ef-a77a-450a-834a-39406885676e',{ts '2010-05-04 15:52:31.430'},'admin',1,{ts '2010-05-04 15:52:31.430'},null,null,null,'doc_secretary','Делопроизводитель',null,null,null);
INSERT INTO "public"."sec_role" (id,create_ts,created_by,version,update_ts,updated_by,delete_ts,deleted_by,name,loc_name,description,is_default_role,is_super) VALUES ('7a35c6f8-6a2d-4347-a8c2-3bc887e23c83',{ts '2010-01-26 10:17:16.500'},'admin',3,{ts '2010-03-09 09:55:45.410'},'admin',null,null,'task_initiator','Инициатор задач',null,null,null);
INSERT INTO "public"."sec_role" (id,create_ts,created_by,version,update_ts,updated_by,delete_ts,deleted_by,name,loc_name,description,is_default_role,is_super) VALUES ('96fa7fe9-397d-4bac-b14a-eec2d94de68c',{ts '2010-02-12 14:17:14.630'},'admin',3,{ts '2010-03-09 09:56:55.120'},'admin',null,null,'SimpleUser','Запрещающая роль','Эта роль должна быть назначена всем пользователям кроме администраторов',true,null);
INSERT INTO "public"."sec_role" (id,create_ts,created_by,version,update_ts,updated_by,delete_ts,deleted_by,name,loc_name,description,is_default_role,is_super) VALUES ('af439810-0f11-4a21-b239-7df2df83bbc6',{ts '2010-01-26 10:17:29.300'},'admin',2,{ts '2010-03-09 09:55:52.660'},'admin',null,null,'task_controller','Контролёр',null,null,null);
INSERT INTO "public"."sec_role" (id,create_ts,created_by,version,update_ts,updated_by,delete_ts,deleted_by,name,loc_name,description,is_default_role,is_super) VALUES ('c06c0cee-2f21-4241-8d6f-76b4cd462f96',{ts '2010-04-15 13:02:15.970'},'admin',1,{ts '2010-04-15 13:02:15.970'},null,null,null,'doc_approver','Утверждающий',null,null,null);
INSERT INTO "public"."sec_role" (id,create_ts,created_by,version,update_ts,updated_by,delete_ts,deleted_by,name,loc_name,description,is_default_role,is_super) VALUES ('c0e15ca3-1791-4e52-9882-c88fd72fbac1',{ts '2010-01-26 10:17:22.890'},'admin',2,{ts '2010-03-09 09:55:37.610'},'admin',null,null,'task_executor','Исполнитель',null,null,null);
INSERT INTO "public"."sec_role" (id,create_ts,created_by,version,update_ts,updated_by,delete_ts,deleted_by,name,loc_name,description,is_default_role,is_super) VALUES ('e41f5aa2-3296-4fdc-906e-af2f8660f806',{ts '2010-05-06 11:33:14.520'},'admin',1,{ts '2010-05-06 11:33:14.520'},null,null,null,'doc_acquaintance','Ознакомление с документами',null,null,null);
INSERT INTO "public"."sec_role" (id,create_ts,created_by,version,update_ts,updated_by,delete_ts,deleted_by,name,loc_name,description,is_default_role,is_super) VALUES ('f7ff1ec7-802d-4a42-a7db-1a97e17f893f',{ts '2010-02-12 14:30:21.0'},'admin',2,{ts '2010-03-09 09:57:02.200'},'admin',null,null,'task_creator','Создание задач',null,null,null);


INSERT INTO "public"."sec_user_role" (id,create_ts,created_by,version,update_ts,updated_by,delete_ts,deleted_by,user_id,role_id) VALUES ('036ab9cc-9c3e-497d-9eab-45ee988d36c5',{ts '2011-08-25 12:50:03.820'},'admin',1,{ts '2011-08-25 12:50:03.820'},null,null,null,'e0fa0adb-45ec-4a30-a307-71e123e22d39','64fec164-5408-4e48-9e72-5a1d214c533e');
INSERT INTO "public"."sec_user_role" (id,create_ts,created_by,version,update_ts,updated_by,delete_ts,deleted_by,user_id,role_id) VALUES ('08f94724-b7d3-4786-86d6-75123fbf8d30',{ts '2011-08-25 10:35:15.460'},'admin',1,{ts '2011-08-25 10:35:15.460'},null,null,null,'0a0fcc69-91a5-4dd1-8482-0187bc5fa659','5115e833-4146-4c98-a119-1c06053adb92');
INSERT INTO "public"."sec_user_role" (id,create_ts,created_by,version,update_ts,updated_by,delete_ts,deleted_by,user_id,role_id) VALUES ('0a1783d4-5545-4cb9-a71a-f50d5a07c104',{ts '2011-08-25 10:35:15.460'},'admin',1,{ts '2011-08-25 10:35:15.460'},null,null,null,'0a0fcc69-91a5-4dd1-8482-0187bc5fa659','64fec164-5408-4e48-9e72-5a1d214c533e');
INSERT INTO "public"."sec_user_role" (id,create_ts,created_by,version,update_ts,updated_by,delete_ts,deleted_by,user_id,role_id) VALUES ('0a6d4aa0-bde5-4b26-8220-0bff9d594519',{ts '2011-08-25 12:48:30.0'},'admin',1,{ts '2011-08-25 12:48:30.0'},null,null,null,'c31a3369-a454-4880-a662-6db537864fe6','96fa7fe9-397d-4bac-b14a-eec2d94de68c');
INSERT INTO "public"."sec_user_role" (id,create_ts,created_by,version,update_ts,updated_by,delete_ts,deleted_by,user_id,role_id) VALUES ('10b5c184-d6c7-4943-8dc9-9d80a0af5661',{ts '2011-08-25 12:50:56.180'},'admin',1,{ts '2011-08-25 12:50:56.180'},null,null,null,'87614d59-a139-4f88-a809-e4fe8355df36','7091f5ef-a77a-450a-834a-39406885676e');
INSERT INTO "public"."sec_user_role" (id,create_ts,created_by,version,update_ts,updated_by,delete_ts,deleted_by,user_id,role_id) VALUES ('17d68af2-1455-4b53-9d56-f7e0fb8b9c29',{ts '2011-08-25 10:35:15.470'},'admin',1,{ts '2011-08-25 10:35:15.470'},null,null,null,'0a0fcc69-91a5-4dd1-8482-0187bc5fa659','f7ff1ec7-802d-4a42-a7db-1a97e17f893f');
INSERT INTO "public"."sec_user_role" (id,create_ts,created_by,version,update_ts,updated_by,delete_ts,deleted_by,user_id,role_id) VALUES ('1b8d071b-9204-451a-9dbb-6eb11623bab9',{ts '2011-08-25 10:35:15.450'},'admin',1,{ts '2011-08-25 10:35:15.450'},null,null,null,'0a0fcc69-91a5-4dd1-8482-0187bc5fa659','47135f12-071b-43d8-bc21-2ff77cd08fb6');
INSERT INTO "public"."sec_user_role" (id,create_ts,created_by,version,update_ts,updated_by,delete_ts,deleted_by,user_id,role_id) VALUES ('22efb9c5-e94f-45b0-b9ca-562951f0dc04',{ts '2011-08-25 10:35:15.450'},'admin',1,{ts '2011-08-25 10:35:15.450'},null,null,null,'0a0fcc69-91a5-4dd1-8482-0187bc5fa659','c06c0cee-2f21-4241-8d6f-76b4cd462f96');
INSERT INTO "public"."sec_user_role" (id,create_ts,created_by,version,update_ts,updated_by,delete_ts,deleted_by,user_id,role_id) VALUES ('26332290-e646-44ab-aca5-470fa4c686a1',{ts '2011-08-25 12:50:56.180'},'admin',1,{ts '2011-08-25 12:50:56.180'},null,null,null,'87614d59-a139-4f88-a809-e4fe8355df36','0038f3db-ac9c-4323-83e7-356996cc63ae');
INSERT INTO "public"."sec_user_role" (id,create_ts,created_by,version,update_ts,updated_by,delete_ts,deleted_by,user_id,role_id) VALUES ('264a0a91-3743-4528-a713-e0ce329fb80b',{ts '2010-10-28 00:00:00.0'},'admin',1,null,null,null,null,'60885987-1b61-4247-94c7-dff348347f93','c0e15ca3-1791-4e52-9882-c88fd72fbac1');
INSERT INTO "public"."sec_user_role" (id,create_ts,created_by,version,update_ts,updated_by,delete_ts,deleted_by,user_id,role_id) VALUES ('27282768-1015-4120-bbc9-14a8e5ab7276',{ts '2010-10-28 00:00:00.0'},'admin',1,null,null,null,null,'60885987-1b61-4247-94c7-dff348347f93','47135f12-071b-43d8-bc21-2ff77cd08fb6');
INSERT INTO "public"."sec_user_role" (id,create_ts,created_by,version,update_ts,updated_by,delete_ts,deleted_by,user_id,role_id) VALUES ('2730f78f-ae16-4ae9-9958-8461721e1ed1',{ts '2011-08-25 12:48:30.0'},'admin',1,{ts '2011-08-25 12:48:30.0'},null,null,null,'c31a3369-a454-4880-a662-6db537864fe6','f7ff1ec7-802d-4a42-a7db-1a97e17f893f');
INSERT INTO "public"."sec_user_role" (id,create_ts,created_by,version,update_ts,updated_by,delete_ts,deleted_by,user_id,role_id) VALUES ('2bf2d72c-d773-45b6-9775-826e8294f926',{ts '2010-10-28 00:00:00.0'},'admin',1,null,null,null,null,'60885987-1b61-4247-94c7-dff348347f93','0c018061-b26f-4de2-a5be-dff348347f93');
INSERT INTO "public"."sec_user_role" (id,create_ts,created_by,version,update_ts,updated_by,delete_ts,deleted_by,user_id,role_id) VALUES ('2e2fdd7b-025a-4c2e-99ae-f290c7e0d32e',{ts '2011-08-25 12:50:56.180'},'admin',1,{ts '2011-08-25 12:50:56.180'},null,null,null,'87614d59-a139-4f88-a809-e4fe8355df36','c06c0cee-2f21-4241-8d6f-76b4cd462f96');
INSERT INTO "public"."sec_user_role" (id,create_ts,created_by,version,update_ts,updated_by,delete_ts,deleted_by,user_id,role_id) VALUES ('35b174b6-b3b3-4c55-bc62-b854414cef57',{ts '2010-10-28 00:00:00.0'},'admin',1,null,null,null,null,'60885987-1b61-4247-94c7-dff348347f93','e41f5aa2-3296-4fdc-906e-af2f8660f806');
INSERT INTO "public"."sec_user_role" (id,create_ts,created_by,version,update_ts,updated_by,delete_ts,deleted_by,user_id,role_id) VALUES ('36956f92-872e-4aae-8a3c-7b7b21ba0dfa',{ts '2011-08-25 12:48:30.100'},'admin',1,{ts '2011-08-25 12:48:30.100'},null,null,null,'c31a3369-a454-4880-a662-6db537864fe6','47135f12-071b-43d8-bc21-2ff77cd08fb6');
INSERT INTO "public"."sec_user_role" (id,create_ts,created_by,version,update_ts,updated_by,delete_ts,deleted_by,user_id,role_id) VALUES ('3bafe8fd-0967-4d3d-a251-9c4b5ca30fa8',{ts '2010-10-28 00:00:00.0'},'admin',1,null,null,null,null,'60885987-1b61-4247-94c7-dff348347f93','64fec164-5408-4e48-9e72-5a1d214c533e');
INSERT INTO "public"."sec_user_role" (id,create_ts,created_by,version,update_ts,updated_by,delete_ts,deleted_by,user_id,role_id) VALUES ('3d7035cc-2268-4934-8280-8412eed5f247',{ts '2011-08-25 10:35:15.460'},'admin',1,{ts '2011-08-25 10:35:15.460'},null,null,null,'0a0fcc69-91a5-4dd1-8482-0187bc5fa659','96fa7fe9-397d-4bac-b14a-eec2d94de68c');
INSERT INTO "public"."sec_user_role" (id,create_ts,created_by,version,update_ts,updated_by,delete_ts,deleted_by,user_id,role_id) VALUES ('3dbb65b7-0055-4eaa-a31c-74b0932c7bdc',{ts '2011-08-25 12:51:40.100'},'admin',1,{ts '2011-08-25 12:51:40.100'},null,null,null,'b171f29f-571d-4f73-b2d0-50e23de7fa5d','e41f5aa2-3296-4fdc-906e-af2f8660f806');
INSERT INTO "public"."sec_user_role" (id,create_ts,created_by,version,update_ts,updated_by,delete_ts,deleted_by,user_id,role_id) VALUES ('483f2620-12ec-4f18-b3ae-4ce8d37d3429',{ts '2011-08-25 10:35:15.470'},'admin',1,{ts '2011-08-25 10:35:15.470'},null,null,null,'0a0fcc69-91a5-4dd1-8482-0187bc5fa659','0038f3db-ac9c-4323-83e7-356996cc63ae');
INSERT INTO "public"."sec_user_role" (id,create_ts,created_by,version,update_ts,updated_by,delete_ts,deleted_by,user_id,role_id) VALUES ('4ab5e590-e145-4393-9b14-7026ee1fc3e1',{ts '2011-08-25 12:51:40.100'},'admin',1,{ts '2011-08-25 12:51:40.100'},null,null,null,'b171f29f-571d-4f73-b2d0-50e23de7fa5d','c06c0cee-2f21-4241-8d6f-76b4cd462f96');
INSERT INTO "public"."sec_user_role" (id,create_ts,created_by,version,update_ts,updated_by,delete_ts,deleted_by,user_id,role_id) VALUES ('4e8a5a5c-8b8a-49bf-b351-86527bec64ea',{ts '2011-08-25 12:50:03.820'},'admin',1,{ts '2011-08-25 12:50:03.820'},null,null,null,'e0fa0adb-45ec-4a30-a307-71e123e22d39','96fa7fe9-397d-4bac-b14a-eec2d94de68c');
INSERT INTO "public"."sec_user_role" (id,create_ts,created_by,version,update_ts,updated_by,delete_ts,deleted_by,user_id,role_id) VALUES ('505c696d-9460-4712-ba27-55053b8f3757',{ts '2010-10-28 00:00:00.0'},'admin',1,null,null,null,null,'60885987-1b61-4247-94c7-dff348347f93','c06c0cee-2f21-4241-8d6f-76b4cd462f96');
INSERT INTO "public"."sec_user_role" (id,create_ts,created_by,version,update_ts,updated_by,delete_ts,deleted_by,user_id,role_id) VALUES ('58f80bee-58d7-43dc-b14d-d57de959b36f',{ts '2010-10-28 00:00:00.0'},'admin',1,null,null,null,null,'60885987-1b61-4247-94c7-dff348347f93','f7ff1ec7-802d-4a42-a7db-1a97e17f893f');
INSERT INTO "public"."sec_user_role" (id,create_ts,created_by,version,update_ts,updated_by,delete_ts,deleted_by,user_id,role_id) VALUES ('591f4ca9-5369-4e88-b3e2-7910a92e45bb',{ts '2011-08-25 10:35:15.450'},'admin',1,{ts '2011-08-25 10:35:15.450'},null,null,null,'0a0fcc69-91a5-4dd1-8482-0187bc5fa659','af439810-0f11-4a21-b239-7df2df83bbc6');
INSERT INTO "public"."sec_user_role" (id,create_ts,created_by,version,update_ts,updated_by,delete_ts,deleted_by,user_id,role_id) VALUES ('5a3383ce-0f60-456c-8d48-c8acaa0a451d',{ts '2011-08-25 12:48:30.100'},'admin',1,{ts '2011-08-25 12:48:30.100'},null,null,null,'c31a3369-a454-4880-a662-6db537864fe6','c06c0cee-2f21-4241-8d6f-76b4cd462f96');
INSERT INTO "public"."sec_user_role" (id,create_ts,created_by,version,update_ts,updated_by,delete_ts,deleted_by,user_id,role_id) VALUES ('5ffc2058-63f4-40a2-9565-f821c0846d6d',{ts '2011-08-25 12:50:03.820'},'admin',1,{ts '2011-08-25 12:50:03.820'},null,null,null,'e0fa0adb-45ec-4a30-a307-71e123e22d39','f7ff1ec7-802d-4a42-a7db-1a97e17f893f');
INSERT INTO "public"."sec_user_role" (id,create_ts,created_by,version,update_ts,updated_by,delete_ts,deleted_by,user_id,role_id) VALUES ('6c27a936-6bd1-4523-90af-06b0c5712738',{ts '2011-08-25 12:51:40.100'},'admin',1,{ts '2011-08-25 12:51:40.100'},null,null,null,'b171f29f-571d-4f73-b2d0-50e23de7fa5d','3c9abffb-2fae-484e-990c-343b3c1197ca');
INSERT INTO "public"."sec_user_role" (id,create_ts,created_by,version,update_ts,updated_by,delete_ts,deleted_by,user_id,role_id) VALUES ('71c8f938-c46a-4c1e-a87f-c94f544a3f33',{ts '2011-08-25 12:51:40.100'},'admin',1,{ts '2011-08-25 12:51:40.100'},null,null,null,'b171f29f-571d-4f73-b2d0-50e23de7fa5d','7091f5ef-a77a-450a-834a-39406885676e');
INSERT INTO "public"."sec_user_role" (id,create_ts,created_by,version,update_ts,updated_by,delete_ts,deleted_by,user_id,role_id) VALUES ('76cd471b-ff7a-43f8-a58b-0635dcd4fadf',{ts '2011-08-25 12:48:30.0'},'admin',1,{ts '2011-08-25 12:48:30.0'},null,null,null,'c31a3369-a454-4880-a662-6db537864fe6','3c9abffb-2fae-484e-990c-343b3c1197ca');
INSERT INTO "public"."sec_user_role" (id,create_ts,created_by,version,update_ts,updated_by,delete_ts,deleted_by,user_id,role_id) VALUES ('7cd9212e-5fee-4168-8362-3740653cb8eb',{ts '2011-08-25 12:51:40.100'},'admin',1,{ts '2011-08-25 12:51:40.100'},null,null,null,'b171f29f-571d-4f73-b2d0-50e23de7fa5d','f7ff1ec7-802d-4a42-a7db-1a97e17f893f');
INSERT INTO "public"."sec_user_role" (id,create_ts,created_by,version,update_ts,updated_by,delete_ts,deleted_by,user_id,role_id) VALUES ('7e7b0150-0f5f-4615-9c4e-9cc7a13b3078',{ts '2011-08-25 12:50:56.180'},'admin',1,{ts '2011-08-25 12:50:56.180'},null,null,null,'87614d59-a139-4f88-a809-e4fe8355df36','f7ff1ec7-802d-4a42-a7db-1a97e17f893f');
INSERT INTO "public"."sec_user_role" (id,create_ts,created_by,version,update_ts,updated_by,delete_ts,deleted_by,user_id,role_id) VALUES ('82ff64eb-a118-4a2a-93e8-cd9450496ff5',{ts '2011-08-25 12:51:40.100'},'admin',1,{ts '2011-08-25 12:51:40.100'},null,null,null,'b171f29f-571d-4f73-b2d0-50e23de7fa5d','c0e15ca3-1791-4e52-9882-c88fd72fbac1');
INSERT INTO "public"."sec_user_role" (id,create_ts,created_by,version,update_ts,updated_by,delete_ts,deleted_by,user_id,role_id) VALUES ('836d8822-ca48-4197-bb7b-78fd37b5076b',{ts '2010-10-28 00:00:00.0'},'admin',1,null,null,null,null,'60885987-1b61-4247-94c7-dff348347f93','0038f3db-ac9c-4323-83e7-356996cc63ae');
INSERT INTO "public"."sec_user_role" (id,create_ts,created_by,version,update_ts,updated_by,delete_ts,deleted_by,user_id,role_id) VALUES ('869a8841-a12f-4491-bbfd-3eb279bbc6f0',{ts '2011-08-25 12:50:03.820'},'admin',1,{ts '2011-08-25 12:50:03.820'},null,null,null,'e0fa0adb-45ec-4a30-a307-71e123e22d39','e41f5aa2-3296-4fdc-906e-af2f8660f806');
INSERT INTO "public"."sec_user_role" (id,create_ts,created_by,version,update_ts,updated_by,delete_ts,deleted_by,user_id,role_id) VALUES ('8a2b946d-fecc-4699-9419-8b4ad6fb8f8a',{ts '2011-08-25 12:51:40.100'},'admin',1,{ts '2011-08-25 12:51:40.100'},null,null,null,'b171f29f-571d-4f73-b2d0-50e23de7fa5d','47135f12-071b-43d8-bc21-2ff77cd08fb6');
INSERT INTO "public"."sec_user_role" (id,create_ts,created_by,version,update_ts,updated_by,delete_ts,deleted_by,user_id,role_id) VALUES ('8bb3653d-e8c9-433a-93d8-3aa2f1d142a9',{ts '2010-10-28 00:00:00.0'},'admin',1,null,null,null,null,'60885987-1b61-4247-94c7-dff348347f93','5115e833-4146-4c98-a119-1c06053adb92');
INSERT INTO "public"."sec_user_role" (id,create_ts,created_by,version,update_ts,updated_by,delete_ts,deleted_by,user_id,role_id) VALUES ('8d2d7c82-16b5-48d8-86e8-c39dd7523358',{ts '2011-08-25 12:50:03.820'},'admin',1,{ts '2011-08-25 12:50:03.820'},null,null,null,'e0fa0adb-45ec-4a30-a307-71e123e22d39','c06c0cee-2f21-4241-8d6f-76b4cd462f96');
INSERT INTO "public"."sec_user_role" (id,create_ts,created_by,version,update_ts,updated_by,delete_ts,deleted_by,user_id,role_id) VALUES ('8eceff6e-b268-4938-b12a-c75b0973ad4d',{ts '2011-08-25 12:51:40.100'},'admin',1,{ts '2011-08-25 12:51:40.100'},null,null,null,'b171f29f-571d-4f73-b2d0-50e23de7fa5d','af439810-0f11-4a21-b239-7df2df83bbc6');
INSERT INTO "public"."sec_user_role" (id,create_ts,created_by,version,update_ts,updated_by,delete_ts,deleted_by,user_id,role_id) VALUES ('8edc7c7c-50a8-4701-8d67-82a9685e4ea0',{ts '2011-08-25 12:50:03.820'},'admin',1,{ts '2011-08-25 12:50:03.820'},null,null,null,'e0fa0adb-45ec-4a30-a307-71e123e22d39','0038f3db-ac9c-4323-83e7-356996cc63ae');
INSERT INTO "public"."sec_user_role" (id,create_ts,created_by,version,update_ts,updated_by,delete_ts,deleted_by,user_id,role_id) VALUES ('922e85ee-efef-4ffa-bfce-214d51ce5c52',{ts '2010-10-28 00:00:00.0'},'admin',1,null,null,null,null,'60885987-1b61-4247-94c7-dff348347f93','7a35c6f8-6a2d-4347-a8c2-3bc887e23c83');
INSERT INTO "public"."sec_user_role" (id,create_ts,created_by,version,update_ts,updated_by,delete_ts,deleted_by,user_id,role_id) VALUES ('94b34ae7-0b48-481a-b96d-6794c3bcebbd',{ts '2011-08-25 12:51:40.100'},'admin',1,{ts '2011-08-25 12:51:40.100'},null,null,null,'b171f29f-571d-4f73-b2d0-50e23de7fa5d','0038f3db-ac9c-4323-83e7-356996cc63ae');
INSERT INTO "public"."sec_user_role" (id,create_ts,created_by,version,update_ts,updated_by,delete_ts,deleted_by,user_id,role_id) VALUES ('973a6b66-6088-4f79-8e28-ad7635f6ca04',{ts '2011-08-25 12:51:40.100'},'admin',1,{ts '2011-08-25 12:51:40.100'},null,null,null,'b171f29f-571d-4f73-b2d0-50e23de7fa5d','5115e833-4146-4c98-a119-1c06053adb92');
INSERT INTO "public"."sec_user_role" (id,create_ts,created_by,version,update_ts,updated_by,delete_ts,deleted_by,user_id,role_id) VALUES ('97761e91-6ed8-4867-a51e-b5e2e3e1a16e',{ts '2011-08-25 12:51:40.100'},'admin',1,{ts '2011-08-25 12:51:40.100'},null,null,null,'b171f29f-571d-4f73-b2d0-50e23de7fa5d','7a35c6f8-6a2d-4347-a8c2-3bc887e23c83');
INSERT INTO "public"."sec_user_role" (id,create_ts,created_by,version,update_ts,updated_by,delete_ts,deleted_by,user_id,role_id) VALUES ('9851b0ca-738a-4fb4-aa69-4d798dcaac51',{ts '2011-08-25 12:50:03.820'},'admin',1,{ts '2011-08-25 12:50:03.820'},null,null,null,'e0fa0adb-45ec-4a30-a307-71e123e22d39','5115e833-4146-4c98-a119-1c06053adb92');
INSERT INTO "public"."sec_user_role" (id,create_ts,created_by,version,update_ts,updated_by,delete_ts,deleted_by,user_id,role_id) VALUES ('9970174d-abaa-4413-9c48-080d5bac0690',{ts '2011-08-25 12:50:03.820'},'admin',1,{ts '2011-08-25 12:50:03.820'},null,null,null,'e0fa0adb-45ec-4a30-a307-71e123e22d39','af439810-0f11-4a21-b239-7df2df83bbc6');
INSERT INTO "public"."sec_user_role" (id,create_ts,created_by,version,update_ts,updated_by,delete_ts,deleted_by,user_id,role_id) VALUES ('9b15452b-e949-4a0f-a299-3efff30ca0d2',{ts '2011-08-25 12:50:56.180'},'admin',1,{ts '2011-08-25 12:50:56.180'},null,null,null,'87614d59-a139-4f88-a809-e4fe8355df36','5115e833-4146-4c98-a119-1c06053adb92');
INSERT INTO "public"."sec_user_role" (id,create_ts,created_by,version,update_ts,updated_by,delete_ts,deleted_by,user_id,role_id) VALUES ('a2593dd3-c610-47f5-ae77-06b8b5055f3f',{ts '2011-08-25 12:48:30.100'},'admin',1,{ts '2011-08-25 12:48:30.100'},null,null,null,'c31a3369-a454-4880-a662-6db537864fe6','e41f5aa2-3296-4fdc-906e-af2f8660f806');
INSERT INTO "public"."sec_user_role" (id,create_ts,created_by,version,update_ts,updated_by,delete_ts,deleted_by,user_id,role_id) VALUES ('a265c653-783c-4e73-ba87-1a984a9a6c6b',{ts '2011-08-25 12:51:40.100'},'admin',1,{ts '2011-08-25 12:51:40.100'},null,null,null,'b171f29f-571d-4f73-b2d0-50e23de7fa5d','96fa7fe9-397d-4bac-b14a-eec2d94de68c');
INSERT INTO "public"."sec_user_role" (id,create_ts,created_by,version,update_ts,updated_by,delete_ts,deleted_by,user_id,role_id) VALUES ('a3b2aefd-b873-4b80-b5d0-9b1c7140e976',{ts '2011-08-25 12:48:30.100'},'admin',1,{ts '2011-08-25 12:48:30.100'},null,null,null,'c31a3369-a454-4880-a662-6db537864fe6','5115e833-4146-4c98-a119-1c06053adb92');
INSERT INTO "public"."sec_user_role" (id,create_ts,created_by,version,update_ts,updated_by,delete_ts,deleted_by,user_id,role_id) VALUES ('a961dd12-e005-42ec-a2fa-d456575a158b',{ts '2011-08-25 12:50:56.170'},'admin',1,{ts '2011-08-25 12:50:56.170'},null,null,null,'87614d59-a139-4f88-a809-e4fe8355df36','af439810-0f11-4a21-b239-7df2df83bbc6');
INSERT INTO "public"."sec_user_role" (id,create_ts,created_by,version,update_ts,updated_by,delete_ts,deleted_by,user_id,role_id) VALUES ('aaf3e6d3-e8b2-42a4-81c3-541567ae188e',{ts '2011-08-25 12:51:40.100'},'admin',1,{ts '2011-08-25 12:51:40.100'},null,null,null,'b171f29f-571d-4f73-b2d0-50e23de7fa5d','64fec164-5408-4e48-9e72-5a1d214c533e');
INSERT INTO "public"."sec_user_role" (id,create_ts,created_by,version,update_ts,updated_by,delete_ts,deleted_by,user_id,role_id) VALUES ('acd9209e-5106-4ba0-b85c-ca9f60ba08b8',{ts '2011-08-25 12:48:30.0'},'admin',1,{ts '2011-08-25 12:48:30.0'},null,null,null,'c31a3369-a454-4880-a662-6db537864fe6','c0e15ca3-1791-4e52-9882-c88fd72fbac1');
INSERT INTO "public"."sec_user_role" (id,create_ts,created_by,version,update_ts,updated_by,delete_ts,deleted_by,user_id,role_id) VALUES ('b1b40fb0-9982-4ff2-8e14-aa63c71089d3',{ts '2011-08-25 12:50:56.180'},'admin',1,{ts '2011-08-25 12:50:56.180'},null,null,null,'87614d59-a139-4f88-a809-e4fe8355df36','96fa7fe9-397d-4bac-b14a-eec2d94de68c');
INSERT INTO "public"."sec_user_role" (id,create_ts,created_by,version,update_ts,updated_by,delete_ts,deleted_by,user_id,role_id) VALUES ('b2c6df94-ee24-43c0-a277-b285480bf86f',{ts '2011-08-25 10:35:15.460'},'admin',1,{ts '2011-08-25 10:35:15.460'},null,null,null,'0a0fcc69-91a5-4dd1-8482-0187bc5fa659','7a35c6f8-6a2d-4347-a8c2-3bc887e23c83');
INSERT INTO "public"."sec_user_role" (id,create_ts,created_by,version,update_ts,updated_by,delete_ts,deleted_by,user_id,role_id) VALUES ('b77b7edc-68bb-47cf-8861-e486272f780a',{ts '2011-08-25 12:48:30.100'},'admin',1,{ts '2011-08-25 12:48:30.100'},null,null,null,'c31a3369-a454-4880-a662-6db537864fe6','7a35c6f8-6a2d-4347-a8c2-3bc887e23c83');
INSERT INTO "public"."sec_user_role" (id,create_ts,created_by,version,update_ts,updated_by,delete_ts,deleted_by,user_id,role_id) VALUES ('bae64234-69de-47b5-8c04-739c9dbd07a3',{ts '2011-08-25 10:35:15.460'},'admin',1,{ts '2011-08-25 10:35:15.460'},null,null,null,'0a0fcc69-91a5-4dd1-8482-0187bc5fa659','7091f5ef-a77a-450a-834a-39406885676e');
INSERT INTO "public"."sec_user_role" (id,create_ts,created_by,version,update_ts,updated_by,delete_ts,deleted_by,user_id,role_id) VALUES ('bd4b0bee-764a-484e-abfd-df5502b709c1',{ts '2011-08-25 12:50:56.180'},'admin',1,{ts '2011-08-25 12:50:56.180'},null,null,null,'87614d59-a139-4f88-a809-e4fe8355df36','e41f5aa2-3296-4fdc-906e-af2f8660f806');
INSERT INTO "public"."sec_user_role" (id,create_ts,created_by,version,update_ts,updated_by,delete_ts,deleted_by,user_id,role_id) VALUES ('be04bf87-ad49-4b9c-9182-a493ab48da36',{ts '2011-08-25 12:50:56.180'},'admin',1,{ts '2011-08-25 12:50:56.180'},null,null,null,'87614d59-a139-4f88-a809-e4fe8355df36','7a35c6f8-6a2d-4347-a8c2-3bc887e23c83');
INSERT INTO "public"."sec_user_role" (id,create_ts,created_by,version,update_ts,updated_by,delete_ts,deleted_by,user_id,role_id) VALUES ('bf380dd2-e1ee-4721-af50-737109932b8b',{ts '2011-08-25 12:50:56.180'},'admin',1,{ts '2011-08-25 12:50:56.180'},null,null,null,'87614d59-a139-4f88-a809-e4fe8355df36','3c9abffb-2fae-484e-990c-343b3c1197ca');
INSERT INTO "public"."sec_user_role" (id,create_ts,created_by,version,update_ts,updated_by,delete_ts,deleted_by,user_id,role_id) VALUES ('bf3954fe-f57b-4da1-afae-e4252cd32edf',{ts '2011-08-25 12:50:03.820'},'admin',1,{ts '2011-08-25 12:50:03.820'},null,null,null,'e0fa0adb-45ec-4a30-a307-71e123e22d39','7a35c6f8-6a2d-4347-a8c2-3bc887e23c83');
INSERT INTO "public"."sec_user_role" (id,create_ts,created_by,version,update_ts,updated_by,delete_ts,deleted_by,user_id,role_id) VALUES ('c362eb7b-f423-4f62-beb2-2fa100e6f116',{ts '2010-10-28 00:00:00.0'},'admin',1,null,null,null,null,'60885987-1b61-4247-94c7-dff348347f93','7091f5ef-a77a-450a-834a-39406885676e');
INSERT INTO "public"."sec_user_role" (id,create_ts,created_by,version,update_ts,updated_by,delete_ts,deleted_by,user_id,role_id) VALUES ('c4836660-2243-46ca-aa96-0458bdf73f63',{ts '2011-08-25 10:35:15.450'},'admin',1,{ts '2011-08-25 10:35:15.450'},null,null,null,'0a0fcc69-91a5-4dd1-8482-0187bc5fa659','3c9abffb-2fae-484e-990c-343b3c1197ca');
INSERT INTO "public"."sec_user_role" (id,create_ts,created_by,version,update_ts,updated_by,delete_ts,deleted_by,user_id,role_id) VALUES ('c7040a23-a0c8-4375-8be5-bb356055154b',{ts '2011-08-25 10:35:15.470'},'admin',1,{ts '2011-08-25 10:35:15.470'},null,null,null,'0a0fcc69-91a5-4dd1-8482-0187bc5fa659','c0e15ca3-1791-4e52-9882-c88fd72fbac1');
INSERT INTO "public"."sec_user_role" (id,create_ts,created_by,version,update_ts,updated_by,delete_ts,deleted_by,user_id,role_id) VALUES ('cfe38cd4-5e5a-4aca-8571-156f2a1836af',{ts '2011-08-25 12:48:30.100'},'admin',1,{ts '2011-08-25 12:48:30.100'},null,null,null,'c31a3369-a454-4880-a662-6db537864fe6','af439810-0f11-4a21-b239-7df2df83bbc6');
INSERT INTO "public"."sec_user_role" (id,create_ts,created_by,version,update_ts,updated_by,delete_ts,deleted_by,user_id,role_id) VALUES ('d9914437-4a9a-48c3-b42e-12febe47c61b',{ts '2010-10-28 00:00:00.0'},'admin',1,null,null,null,null,'60885987-1b61-4247-94c7-dff348347f93','af439810-0f11-4a21-b239-7df2df83bbc6');
INSERT INTO "public"."sec_user_role" (id,create_ts,created_by,version,update_ts,updated_by,delete_ts,deleted_by,user_id,role_id) VALUES ('e5d363b2-b740-449b-973c-cb10ee69b632',{ts '2011-08-25 12:48:30.100'},'admin',1,{ts '2011-08-25 12:48:30.100'},null,null,null,'c31a3369-a454-4880-a662-6db537864fe6','0038f3db-ac9c-4323-83e7-356996cc63ae');
INSERT INTO "public"."sec_user_role" (id,create_ts,created_by,version,update_ts,updated_by,delete_ts,deleted_by,user_id,role_id) VALUES ('e6362e7e-7ea6-4994-9d91-29b579850320',{ts '2011-08-25 12:48:30.100'},'admin',1,{ts '2011-08-25 12:48:30.100'},null,null,null,'c31a3369-a454-4880-a662-6db537864fe6','64fec164-5408-4e48-9e72-5a1d214c533e');
INSERT INTO "public"."sec_user_role" (id,create_ts,created_by,version,update_ts,updated_by,delete_ts,deleted_by,user_id,role_id) VALUES ('e72f68d7-8017-4104-8e5c-2aa958bfb8b4',{ts '2011-08-25 10:35:15.450'},'admin',1,{ts '2011-08-25 10:35:15.450'},null,null,null,'0a0fcc69-91a5-4dd1-8482-0187bc5fa659','e41f5aa2-3296-4fdc-906e-af2f8660f806');
INSERT INTO "public"."sec_user_role" (id,create_ts,created_by,version,update_ts,updated_by,delete_ts,deleted_by,user_id,role_id) VALUES ('e7dca7eb-32c2-4c85-9e36-c673a53cb914',{ts '2011-08-25 12:50:56.180'},'admin',1,{ts '2011-08-25 12:50:56.180'},null,null,null,'87614d59-a139-4f88-a809-e4fe8355df36','64fec164-5408-4e48-9e72-5a1d214c533e');
INSERT INTO "public"."sec_user_role" (id,create_ts,created_by,version,update_ts,updated_by,delete_ts,deleted_by,user_id,role_id) VALUES ('e8c67cd3-bb5a-407b-abcc-549beda2c1e7',{ts '2011-08-25 12:50:03.820'},'admin',1,{ts '2011-08-25 12:50:03.820'},null,null,null,'e0fa0adb-45ec-4a30-a307-71e123e22d39','47135f12-071b-43d8-bc21-2ff77cd08fb6');
INSERT INTO "public"."sec_user_role" (id,create_ts,created_by,version,update_ts,updated_by,delete_ts,deleted_by,user_id,role_id) VALUES ('ea4d2f3d-512b-404c-b1a4-ae52ccc0e473',{ts '2011-08-25 12:50:03.820'},'admin',1,{ts '2011-08-25 12:50:03.820'},null,null,null,'e0fa0adb-45ec-4a30-a307-71e123e22d39','7091f5ef-a77a-450a-834a-39406885676e');
INSERT INTO "public"."sec_user_role" (id,create_ts,created_by,version,update_ts,updated_by,delete_ts,deleted_by,user_id,role_id) VALUES ('ed20af8f-f6ac-416b-abf4-5e3e016aac53',{ts '2011-08-25 12:50:56.180'},'admin',1,{ts '2011-08-25 12:50:56.180'},null,null,null,'87614d59-a139-4f88-a809-e4fe8355df36','47135f12-071b-43d8-bc21-2ff77cd08fb6');
INSERT INTO "public"."sec_user_role" (id,create_ts,created_by,version,update_ts,updated_by,delete_ts,deleted_by,user_id,role_id) VALUES ('f08b97fe-bd43-4389-ac38-1269093623c8',{ts '2011-08-25 12:50:03.820'},'admin',1,{ts '2011-08-25 12:50:03.820'},null,null,null,'e0fa0adb-45ec-4a30-a307-71e123e22d39','3c9abffb-2fae-484e-990c-343b3c1197ca');
INSERT INTO "public"."sec_user_role" (id,create_ts,created_by,version,update_ts,updated_by,delete_ts,deleted_by,user_id,role_id) VALUES ('f1d4393c-3568-423f-ad1e-29f19510bcdf',{ts '2011-08-25 12:48:30.100'},'admin',1,{ts '2011-08-25 12:48:30.100'},null,null,null,'c31a3369-a454-4880-a662-6db537864fe6','7091f5ef-a77a-450a-834a-39406885676e');
INSERT INTO "public"."sec_user_role" (id,create_ts,created_by,version,update_ts,updated_by,delete_ts,deleted_by,user_id,role_id) VALUES ('f698a0bb-9f45-4e5f-afea-579c397e1efe',{ts '2011-08-25 12:50:03.820'},'admin',1,{ts '2011-08-25 12:50:03.820'},null,null,null,'e0fa0adb-45ec-4a30-a307-71e123e22d39','c0e15ca3-1791-4e52-9882-c88fd72fbac1');
INSERT INTO "public"."sec_user_role" (id,create_ts,created_by,version,update_ts,updated_by,delete_ts,deleted_by,user_id,role_id) VALUES ('f75b3786-73d3-4ae3-b40d-b0df120a156b',{ts '2011-08-25 12:50:56.170'},'admin',1,{ts '2011-08-25 12:50:56.170'},null,null,null,'87614d59-a139-4f88-a809-e4fe8355df36','c0e15ca3-1791-4e52-9882-c88fd72fbac1');
INSERT INTO "public"."sec_user_role" (id,create_ts,created_by,version,update_ts,updated_by,delete_ts,deleted_by,user_id,role_id) VALUES ('fc843d30-3a61-4dce-a3f5-78ae23fedcdb',{ts '2010-10-28 00:00:00.0'},'admin',1,null,null,null,null,'60885987-1b61-4247-94c7-dff348347f93','3c9abffb-2fae-484e-990c-343b3c1197ca');


INSERT INTO "public"."sec_user_substitution" (id,create_ts,created_by,version,update_ts,updated_by,delete_ts,deleted_by,user_id,substituted_user_id,end_date,notify_by_card_info) VALUES ('1e89b000-6f3e-4c0e-b626-c2d6894fc0c6',{ts '2011-08-25 12:52:04.350'},'admin',1,{ts '2011-08-25 12:52:04.350'},null,null,null,'60885987-1b61-4247-94c7-dff348347f93','e0fa0adb-45ec-4a30-a307-71e123e22d39',null,false);
INSERT INTO "public"."sec_user_substitution" (id,create_ts,created_by,version,update_ts,updated_by,delete_ts,deleted_by,user_id,substituted_user_id,end_date,notify_by_card_info) VALUES ('55a7e7ce-0e6f-4302-bf9c-14cff374cc10',{ts '2011-08-25 12:52:04.360'},'admin',1,{ts '2011-08-25 12:52:04.360'},null,null,null,'60885987-1b61-4247-94c7-dff348347f93','87614d59-a139-4f88-a809-e4fe8355df36',null,false);
INSERT INTO "public"."sec_user_substitution" (id,create_ts,created_by,version,update_ts,updated_by,delete_ts,deleted_by,user_id,substituted_user_id,end_date,notify_by_card_info) VALUES ('ac1ff444-3fb4-48a9-b235-be535926ca91',{ts '2011-08-25 12:52:04.350'},'admin',1,{ts '2011-08-25 12:52:04.350'},null,null,null,'60885987-1b61-4247-94c7-dff348347f93','c31a3369-a454-4880-a662-6db537864fe6',null,false);
INSERT INTO "public"."sec_user_substitution" (id,create_ts,created_by,version,update_ts,updated_by,delete_ts,deleted_by,user_id,substituted_user_id,end_date,notify_by_card_info) VALUES ('ce31cce0-84c6-40ee-99c6-86e5741b66f5',{ts '2011-08-25 12:52:04.360'},'admin',1,{ts '2011-08-25 12:52:04.360'},null,null,null,'60885987-1b61-4247-94c7-dff348347f93','0a0fcc69-91a5-4dd1-8482-0187bc5fa659',null,false);
INSERT INTO "public"."sec_user_substitution" (id,create_ts,created_by,version,update_ts,updated_by,delete_ts,deleted_by,user_id,substituted_user_id,end_date,notify_by_card_info) VALUES ('e8cf611a-3e0e-43a5-a65e-242dd12001af',{ts '2011-08-25 12:52:04.360'},'admin',1,{ts '2011-08-25 12:52:04.360'},null,null,null,'60885987-1b61-4247-94c7-dff348347f93','b171f29f-571d-4f73-b2d0-50e23de7fa5d',null,false);


INSERT INTO "public"."df_employee" (correspondent_id,create_ts,created_by,version,update_ts,updated_by,delete_ts,deleted_by,name,first_name,last_name,middle_name,position,phone,fax,email,comment,type,department_id,sex,user_id) VALUES ('3acd8361-6cdf-4d09-bb16-45d520f9f0ec',null,null,null,null,null,null,null,null,'Шелдон','Купер','','',null,null,'',null,null,null,true,'0a0fcc69-91a5-4dd1-8482-0187bc5fa659');
INSERT INTO "public"."df_employee" (correspondent_id,create_ts,created_by,version,update_ts,updated_by,delete_ts,deleted_by,name,first_name,last_name,middle_name,position,phone,fax,email,comment,type,department_id,sex,user_id) VALUES ('487bc859-7460-4bac-8a98-b9b06747e859',null,null,null,null,null,null,null,null,'Пенни','Пенни','','',null,null,'',null,null,null,true,'e0fa0adb-45ec-4a30-a307-71e123e22d39');
INSERT INTO "public"."df_employee" (correspondent_id,create_ts,created_by,version,update_ts,updated_by,delete_ts,deleted_by,name,first_name,last_name,middle_name,position,phone,fax,email,comment,type,department_id,sex,user_id) VALUES ('6f6a4cbc-243d-4fbb-84fa-2943905c3b19',null,null,null,null,null,null,null,null,'Говард','Воловиц','','',null,null,'',null,null,null,true,'b171f29f-571d-4f73-b2d0-50e23de7fa5d');
INSERT INTO "public"."df_employee" (correspondent_id,create_ts,created_by,version,update_ts,updated_by,delete_ts,deleted_by,name,first_name,last_name,middle_name,position,phone,fax,email,comment,type,department_id,sex,user_id) VALUES ('7519fd3c-3054-43b9-bf7e-b724b55787f9',null,null,null,null,null,null,null,null,'Раджеш ','Кутраппали ','','',null,null,'',null,null,null,true,'87614d59-a139-4f88-a809-e4fe8355df36');
INSERT INTO "public"."df_employee" (correspondent_id,create_ts,created_by,version,update_ts,updated_by,delete_ts,deleted_by,name,first_name,last_name,middle_name,position,phone,fax,email,comment,type,department_id,sex,user_id) VALUES ('b6b9d3b2-2cf9-4101-89f5-896d2cf42246',null,null,null,null,null,null,null,null,'Леонард','Хофстедер','','',null,null,'',null,null,null,true,'c31a3369-a454-4880-a662-6db537864fe6');
